{
  "cnn": {
    "model_type": "CNN",
    "training_time": 67.57170557975769,
    "best_val_accuracy": 24.2,
    "final_val_accuracy": 22.8,
    "total_epochs": 2,
    "model_info": {
      "total_parameters": 6878020,
      "trainable_parameters": 6878020,
      "estimated_memory_mb": 26.237564086914062
    },
    "train_history": [
      {
        "epoch": 0,
        "train_loss": 1.3988515610694885,
        "train_acc": 24.85,
        "val_loss": 1.3861321935653685,
        "val_acc": 24.2,
        "vram_usage": 1440.60546875
      },
      {
        "epoch": 1,
        "train_loss": 1.3887060267925262,
        "train_acc": 24.25,
        "val_loss": 1.3879728288650512,
        "val_acc": 22.8,
        "vram_usage": 1424.98046875
      }
    ],
    "model_paths": {
      "best": "output\\models\\best_cnn_model.pth",
      "final": "output\\models\\final_cnn_model.pth"
    },
    "performance": {
      "duration_seconds": 69.5,
      "total_samples": 139,
      "cpu_percent": {
        "min": 0.0,
        "max": 28.7,
        "avg": 15.177697841726618,
        "peak": 28.7
      },
      "memory_mb": {
        "min": 14377.296875,
        "max": 15909.44140625,
        "avg": 15484.675949865108,
        "peak": 15909.44140625
      },
      "gpu_percent": {
        "min": 0,
        "max": 98,
        "avg": 17.676258992805757,
        "peak": 98
      },
      "vram_used_mb": {
        "min": 959.8046875,
        "max": 1441.35546875,
        "avg": 1358.7103192446043,
        "peak": 1441.35546875
      },
      "vram_total_mb": 6144.0,
      "power_watts": {
        "min": 15.374,
        "max": 119.144,
        "avg": 30.71791366906475,
        "peak": 119.144
      },
      "temperature_c": {
        "min": 40,
        "max": 56,
        "avg": 44.093525179856115,
        "peak": 56
      }
    }
  },
  "deep_forest": {
    "error": "name 'os' is not defined"
  }
}