{
  "algorithm": "ACO",
  "total_samples": 1000,
  "successful_runs": 0,
  "failed_runs": 1000,
  "average_solution_length": 0,
  "average_execution_time": 0.18992591500282288,
  "performance_metrics": {
    "duration_seconds": 175.0,
    "total_samples": 350,
    "cpu_percent": {
      "min": 0.0,
      "max": 32.3,
      "avg": 11.675714285714285,
      "peak": 32.3
    },
    "memory_mb": {
      "min": 13230.92578125,
      "max": 13325.23828125,
      "avg": 13263.696104910714,
      "peak": 13325.23828125
    },
    "gpu_percent": {
      "min": 0,
      "max": 27,
      "avg": 1.8714285714285714,
      "peak": 27
    },
    "vram_used_mb": {
      "min": 1688.265625,
      "max": 1712.04296875,
      "avg": 1698.275357142857,
      "peak": 1712.04296875
    },
    "vram_total_mb": 6144.0,
    "power_watts": {
      "min": 13.545,
      "max": 25.222,
      "avg": 15.067839999999999,
      "peak": 25.222
    },
    "temperature_c": {
      "min": 34,
      "max": 37,
      "avg": 36.30285714285714,
      "peak": 37
    }
  }
}