{
  "algorithm": "PPO",
  "total_samples": 3,
  "successful_runs": 0,
  "failed_runs": 3,
  "average_solution_length": 0,
  "average_execution_time": 419.49333993593854,
  "performance_metrics": {
    "duration_seconds": 397.0,
    "total_samples": 794,
    "cpu_percent": {
      "min": 0.0,
      "max": 68.3,
      "avg": 35.7911838790932,
      "peak": 68.3
    },
    "memory_mb": {
      "min": 14316.58984375,
      "max": 14889.20703125,
      "avg": 14709.640669277393,
      "peak": 14889.20703125
    },
    "gpu_percent": {
      "min": 7,
      "max": 83,
      "avg": 44.80226700251889,
      "peak": 83
    },
    "vram_used_mb": {
      "min": 3014.35546875,
      "max": 3037.75,
      "avg": 3022.2289731580604,
      "peak": 3037.75
    },
    "vram_total_mb": 6144.0,
    "power_watts": {
      "min": 20.554,
      "max": 167.646,
      "avg": 68.70964735516372,
      "peak": 167.646
    },
    "temperature_c": {
      "min": 52,
      "max": 68,
      "avg": 61.288413098236774,
      "peak": 68
    }
  }
}